RA,DEC,FL
23.4455, -24, 30
12.5, -24.34656, 30
10, -23, 40
12, -21, 60
12, 21, 60
11, 22, 50
12, 21.32455, 60
10, 23, 40
11, 21, 60
11, -21, 60
10, -22, 50
11, -21.3223, 60
